918087607182,name1,abcd@gmail.com
918806396560,name3,dfjdk@gmail.com
919899526646,name11,varun@gmail.com
918007814969,name5,cvbnm@gmail.com
918007820728,name6,9iujhb@gmail.com
919759430832,name7,9iuygtrtgbn@gmail.com
919765000796,name8,kjdsfkh@gmail.com
917829491491,name9,12fkldgj@gmail.com
918149675185,name10,adfkh@gmail.com
918698588982,Abhishek,abcd@gmail.com
918007414273,Abhishek kumar,varun@gmail.com
919532683042,Akash,dfjdk@gmail.com
918860306867,Akshay,yuhj@gmail.com
918198868020,Amit,cvbnm@gmail.com
919120025912,Anjana,9iujhb@gmail.com
918126459249,Ankit,9iuygtrtgbn@gmail.com
918054575082,Anu,kjdsfkh@gmail.com
917508939497,Anup,12fkldgj@gmail.com
918604397387,Archana,adfkh@gmail.com
918007678890,Arun Gupta,abcd@gmail.com
917030315937,Atual Raj,varun@gmail.com
917030758201,Avinash,dfjdk@gmail.com
919872555459,Babita,yuhj@gmail.com
919911634202,Badal,cvbnm@gmail.com
918765008881,sooraj,9iujhb@gmail.com
919158035828,kd,9iuygtrtgbn@gmail.com
918007678365,hemu,kjdsfkh@gmail.com
917769942281,jaya,12fkldgj@gmail.com
918290679963,krishna,adfkh@gmail.com
919420886521,mahadev,12fkldgj@gmail.com
917769941465,mahesh,adfkh@gmail.com
918075891171,Shailja Thakur,shailja5238@gmail.com
